,RandomForestRegressor
2012-01-01,0.0
2012-01-02,652.1946713121546
2012-01-03,992.9822744032978
2012-01-04,1087.0896817796545
2012-01-05,1184.0073389505671
2012-01-06,1192.1190501501517
2012-01-07,340.43546222841053
2012-01-08,88.40327748759492
2012-01-09,0.0
2012-01-10,848.7344898836286
2012-01-11,1099.164264998561
2012-01-12,1180.462640736504
2012-01-13,1196.8052211111278
2012-01-14,334.17079599473175
2012-01-15,73.21691644421631
2012-01-16,870.6153941159209
2012-01-17,972.7223003437028
2012-01-18,1085.0872874297568
2012-01-19,1186.5020104360703
2012-01-20,1192.8893671956002
2012-01-21,346.4292775483613
2012-01-22,79.93399038099427
2012-01-23,882.1386895418589
2012-01-24,1003.4024962991092
2012-01-25,1099.0219784205783
2012-01-26,1180.3955857608942
2012-01-27,1197.942951607246
2012-01-28,356.7420277377375
2012-01-29,84.2541566822207
2012-01-30,872.6806071069332
2012-01-31,969.2282936101147
2012-02-01,1080.8023627478156
2012-02-02,1187.6672689228628
2012-02-03,1195.745217781234
2012-02-04,355.66143968542843
2012-02-05,77.41096077928802
2012-02-06,871.3716710242205
2012-02-07,976.7682807653578
2012-02-08,1087.5525851217126
2012-02-09,1189.751030211926
2012-02-10,1202.2027994094806
2012-02-11,344.14476520543553
2012-02-12,77.4924464220494
2012-02-13,869.8402049977398
2012-02-14,969.7147245897912
2012-02-15,1082.1775069504763
2012-02-16,1185.7093597949372
2012-02-17,1200.9790309576697
2012-02-18,352.1852360366585
2012-02-19,77.57838785792164
2012-02-20,872.7880961714092
2012-02-21,976.263574482479
2012-02-22,1082.8391454149598
2012-02-23,1185.0511839915623
2012-02-24,1204.1788671068969
2012-02-25,345.2614572420462
2012-02-26,77.10695126764305
2012-02-27,869.2890213327721
2012-02-28,984.3425629196288
2012-02-29,1094.8921599378957
2012-03-01,1188.244501179576
2012-03-02,1205.9055022775171
2012-03-03,340.55109324296706
2012-03-04,78.58697962105539
2012-03-05,872.8168679139045
2012-03-06,1000.6146463608206
2012-03-07,1084.3555194383891
2012-03-08,1189.1972126470394
2012-03-09,1194.009042366145
2012-03-10,344.5679730181927
2012-03-11,80.19526360765376
2012-03-12,882.3979112476507
2012-03-13,1000.7431482228152
2012-03-14,1093.0875615569112
2012-03-15,1193.8016759792272
2012-03-16,1203.7496748591689
2012-03-17,344.77836260020285
2012-03-18,77.69518769088579
2012-03-19,0.0
2012-03-20,874.3190342484869
2012-03-21,1117.1752185662597
2012-03-22,1185.9904694364948
2012-03-23,1212.9833057200808
2012-03-24,323.98559817740454
2012-03-25,86.01624724297076
2012-03-26,874.9492042320503
2012-03-27,1003.7311182067492
2012-03-28,1101.4352205176451
2012-03-29,1201.923171131489
2012-03-30,1217.9869336314378
2012-03-31,366.4203931008191
2012-04-01,83.1714451131468
2012-04-02,947.1901418852832
2012-04-03,1164.2563742442617
2012-04-04,1178.0726426586232
2012-04-05,0.0
2012-04-06,0.0
2012-04-07,119.26592967295674
2012-04-08,83.92621518588885
2012-04-09,879.4545008136771
2012-04-10,980.7205787346292
2012-04-11,1093.851271503363
2012-04-12,1201.0307196138924
2012-04-13,1218.4770048728817
2012-04-14,347.4339893242945
2012-04-15,78.38228285895195
2012-04-16,885.6915739489948
2012-04-17,1000.4837709717476
2012-04-18,1105.6435701364182
2012-04-19,1205.3470707889833
2012-04-20,1220.4605777604086
2012-04-21,352.35822690572815
2012-04-22,80.07078110427298
2012-04-23,887.8254932169219
2012-04-24,997.7990853056888
2012-04-25,1095.3556440243417
2012-04-26,1203.351050688653
2012-04-27,1218.0515012060898
2012-04-28,351.50490477477445
2012-04-29,81.26205586583788
2012-04-30,927.8260911599538
2012-05-01,0.0
2012-05-02,1028.2143112428705
2012-05-03,1186.1142601319004
2012-05-04,1200.572116263705
2012-05-05,339.8656020333901
2012-05-06,82.96587105653559
2012-05-07,886.7755787940429
2012-05-08,1010.5730296621488
2012-05-09,1097.0891498059852
2012-05-10,1202.394291547836
2012-05-11,1218.336023959257
2012-05-12,340.72199014380124
2012-05-13,87.1255787630551
2012-05-14,879.6665496145154
2012-05-15,1017.8246857055624
2012-05-16,1097.4219995535614
2012-05-17,1202.0430493652336
2012-05-18,1211.8176774240346
2012-05-19,347.75647887367194
2012-05-20,82.16782442237535
2012-05-21,0.0
2012-05-22,895.8754181896431
2012-05-23,1111.799709656157
2012-05-24,1182.6849568401824
2012-05-25,1200.8642852628825
2012-05-26,410.0210260402302
2012-05-27,84.83042552103906
2012-05-28,889.153344056423
2012-05-29,1041.714113537245
2012-05-30,1096.2812508935783
2012-05-31,1197.8769571112289
2012-06-01,1198.9984412167637
2012-06-02,351.9151262916572
2012-06-03,78.51861496815464
2012-06-04,884.2214865096435
2012-06-05,1008.0819128486949
2012-06-06,1105.6834017428682
2012-06-07,1204.1641641387594
2012-06-08,1210.630871034705
2012-06-09,348.66802588459285
2012-06-10,81.12268675378846
2012-06-11,0.0
2012-06-12,893.2810036282696
2012-06-13,1119.998177526604
2012-06-14,1185.780850383204
2012-06-15,1199.4539890480894
2012-06-16,356.0125507570163
2012-06-17,101.13738897791892
2012-06-18,0.0
2012-06-19,895.9657788079805
2012-06-20,1154.6594274265271
2012-06-21,1219.9435090779675
2012-06-22,1197.286662642798
2012-06-23,385.15018783509794
2012-06-24,91.99253699772626
2012-06-25,902.0438999521332
2012-06-26,1159.777636569387
2012-06-27,1133.531008740274
2012-06-28,1195.995491520815
2012-06-29,1211.025242791031
2012-06-30,353.6359723468214
2012-07-01,86.68907861916745
2012-07-02,0.0
2012-07-03,883.7397143693546
2012-07-04,1078.227580784894
2012-07-05,1180.943699512353
2012-07-06,1196.473937703749
2012-07-07,384.1938032000656
2012-07-08,95.2607250047587
2012-07-09,901.3755171935966
2012-07-10,1010.3251519401828
2012-07-11,1108.8846665198164
2012-07-12,1198.4293646791152
2012-07-13,1210.6537813562093
2012-07-14,368.2622649628935
2012-07-15,76.81286157859046
2012-07-16,813.9484302839261
2012-07-17,984.6626252737154
2012-07-18,1084.333029545871
2012-07-19,1181.6374770573843
2012-07-20,0.0
2012-07-21,235.81457365669735
2012-07-22,82.56284419134631
2012-07-23,884.7367880113458
2012-07-24,972.5754293295456
2012-07-25,1095.9309573620335
2012-07-26,1194.2778948393145
2012-07-27,1219.0216772939143
2012-07-28,343.4712239888991
2012-07-29,82.58405758903928
2012-07-30,883.8686016077921
2012-07-31,1038.5919042662124
2012-08-01,1141.4125226876072
2012-08-02,1195.0659331416632
2012-08-03,1201.8030013216553
2012-08-04,365.39307189648
2012-08-05,82.43370782867403
2012-08-06,830.2798044742952
2012-08-07,0.0
2012-08-08,1009.767966642716
2012-08-09,1182.8692211512032
2012-08-10,1195.5086041400657
2012-08-11,350.949652748718
2012-08-12,86.73362885429745
2012-08-13,895.7654771857564
2012-08-14,1000.428401030081
2012-08-15,1102.9151133769203
2012-08-16,1200.9933898499128
2012-08-17,1205.5264103338316
2012-08-18,365.640576948698
2012-08-19,85.8572871682129
2012-08-20,0.0
2012-08-21,879.5851611867965
2012-08-22,1083.2574980558643
2012-08-23,1181.945319791296
2012-08-24,1193.9333154357298
2012-08-25,351.2702817722481
2012-08-26,91.98002987435363
2012-08-27,885.7496758903882
2012-08-28,1002.287497913604
2012-08-29,1097.0293678336136
2012-08-30,1203.4590645353733
2012-08-31,1219.5354107495095
2012-09-01,374.62176401902286
2012-09-02,83.61607586752397
2012-09-03,894.2343804473187
2012-09-04,977.440662250704
2012-09-05,1108.574799736011
2012-09-06,1220.6963845031362
2012-09-07,1224.9437120414982
2012-09-08,374.3538694036272
2012-09-09,85.2546951852305
2012-09-10,898.3774829290695
2012-09-11,1011.6938962180972
2012-09-12,1130.2489446349389
2012-09-13,1218.2641594374472
2012-09-14,1261.6476154054249
2012-09-15,366.077327076986
2012-09-16,89.05857744326005
2012-09-17,911.9036744006032
2012-09-18,1062.466994850103
2012-09-19,1155.4231343661604
2012-09-20,1305.6504637983885
2012-09-21,1317.7328090002056
2012-09-22,365.75308403017647
2012-09-23,87.42137050812562
2012-09-24,925.8870261693468
2012-09-25,1021.0794734387896
2012-09-26,1166.4905187070156
2012-09-27,1313.1317820682596
2012-09-28,1321.0048567263502
2012-09-29,362.3928901807433
2012-09-30,90.31999220839111
2012-10-01,934.4750395373334
2012-10-02,1064.8061258520524
2012-10-03,1168.409613046187
2012-10-04,1305.3613808624302
2012-10-05,1311.833983725143
2012-10-06,354.809704761609
2012-10-07,90.98230216141
2012-10-08,933.305429737833
2012-10-09,1040.0450470588848
2012-10-10,1152.9037165167383
2012-10-11,1289.9868288836626
2012-10-12,1314.2495032970314
2012-10-13,395.9870287489147
2012-10-14,115.50657926860508
2012-10-15,0.0
2012-10-16,952.5872973516642
2012-10-17,1229.4428361064406
2012-10-18,1271.7254132029202
2012-10-19,1304.4867940063923
2012-10-20,365.7259237003109
2012-10-21,92.448083444793
2012-10-22,933.8932375929202
2012-10-23,1057.7461139200475
2012-10-24,1172.1299229630558
2012-10-25,1288.8345742807355
2012-10-26,1293.4492511638164
2012-10-27,369.35091058205205
2012-10-28,96.7757310834644
2012-10-29,928.8313369542268
2012-10-30,1019.8083704818806
2012-10-31,1145.8022247088995
2012-11-01,1311.7782351591975
2012-11-02,1320.3778649839044
2012-11-03,356.869512384639
2012-11-04,89.36990706233712
2012-11-05,0.0
2012-11-06,951.489185476314
2012-11-07,1200.689042208778
2012-11-08,1278.5844190935425
2012-11-09,1301.8344798816977
2012-11-10,358.4352619367316
2012-11-11,87.28985288762331
2012-11-12,0.0
2012-11-13,930.358705538594
2012-11-14,1147.217733266555
2012-11-15,1279.3062679536265
2012-11-16,1286.6072789228967
2012-11-17,357.7577278484933
2012-11-18,89.99026634152388
2012-11-19,951.9040930570834
2012-11-20,1110.9608692140844
2012-11-21,1176.5947801616758
2012-11-22,1316.3515708265095
2012-11-23,1334.575082829448
2012-11-24,361.6638781220813
2012-11-25,90.86427513814084
2012-11-26,937.3722757485205
2012-11-27,1074.0744766042872
2012-11-28,1177.443188408154
2012-11-29,1325.132134878647
2012-11-30,1325.1283527625874
2012-12-01,372.08751838874207
2012-12-02,98.3513551389964
2012-12-03,888.9180024860088
2012-12-04,1152.6445678076038
2012-12-05,1187.5575739437238
2012-12-06,1325.8209742105648
2012-12-07,1344.3336942852318
2012-12-08,0.0
2012-12-09,98.5952577256284
2012-12-10,974.6635344579004
2012-12-11,1122.059656089474
2012-12-12,1218.9176538904126
2012-12-13,1360.481849124083
2012-12-14,1394.6455993744387
2012-12-15,387.358484391236
2012-12-16,95.3353421666178
2012-12-17,953.6546921076329
2012-12-18,1076.7308124941746
2012-12-19,1195.812384813716
2012-12-20,1404.7551622088513
2012-12-21,1430.8551039414624
2012-12-22,408.9732532347496
2012-12-23,96.27577368052242
2012-12-24,902.0073559707234
2012-12-25,0.0
2012-12-26,1016.1375253034112
2012-12-27,1353.942456906147
2012-12-28,1396.6075554879508
2012-12-29,676.4290111751951
2012-12-30,109.12139116336456
2012-12-31,870.9885023820408
2013-01-01,0.0
2013-01-02,876.5621724407995
2013-01-03,1197.4416640979373
2013-01-04,1242.6851451271546
2013-01-05,338.4121022789752
2013-01-06,98.86283570053536
2013-01-07,0.0
2013-01-08,847.9890160094927
2013-01-09,1094.7711111909457
2013-01-10,1161.0619194215792
2013-01-11,1201.037593833173
2013-01-12,335.26550604486084
2013-01-13,72.84981720324076
2013-01-14,872.0550720719173
2013-01-15,988.2086531702485
2013-01-16,1089.7329718344336
2013-01-17,1184.837557494493
2013-01-18,1194.3794801422284
2013-01-19,344.93617134770165
2013-01-20,80.09144905985193
2013-01-21,872.5851218940597
2013-01-22,993.9597341116976
2013-01-23,1090.061447359121
2013-01-24,1184.837557494493
2013-01-25,1190.6964466296438
2013-01-26,343.16551679887914
2013-01-27,87.38257931797902
2013-01-28,877.4250529869531
2013-01-29,992.1664686843112
2013-01-30,1088.6067380239513
2013-01-31,1188.6446139681923
2013-02-01,1204.8304069459844
2013-02-02,338.2584312046711
2013-02-03,79.69389371698483
2013-02-04,872.1045203179223
2013-02-05,933.5371346612346
2013-02-06,1068.0908786775656
2013-02-07,1171.0573872867408
2013-02-08,1173.8795443971933
2013-02-09,345.7265109799422
2013-02-10,77.18288670127882
2013-02-11,881.4110280809737
2013-02-12,998.7094151966936
2013-02-13,1095.3608175049687
2013-02-14,1186.5202803478812
2013-02-15,1203.2446653460242
2013-02-16,345.06743318494864
2013-02-17,80.64288665734965
2013-02-18,868.6226023423035
2013-02-19,999.9041697570904
2013-02-20,1087.165763655606
2013-02-21,1189.0472960701074
2013-02-22,1202.809593495842
2013-02-23,345.88710297082383
2013-02-24,77.24602793256902
2013-02-25,869.8486235768338
2013-02-26,1000.602286617459
2013-02-27,1093.9942768076735
2013-02-28,1189.451918427599
2013-03-01,1205.926680370833
2013-03-02,353.46684940244364
2013-03-03,78.37346479788259
2013-03-04,889.2069358363134
2013-03-05,1063.642967658444
2013-03-06,1121.328993718275
2013-03-07,1186.2156969247983
2013-03-08,1205.92756717572
2013-03-09,345.20994692069473
2013-03-10,85.28960432816832
2013-03-11,874.586665708498
2013-03-12,993.551767940292
2013-03-13,1102.34304719726
2013-03-14,1193.1126473368597
2013-03-15,1208.459989152957
2013-03-16,346.2304381754916
2013-03-17,83.65714631938108
2013-03-18,887.2445112054555
2013-03-19,1024.3783199270636
2013-03-20,1122.6508646858103
2013-03-21,1197.9693822393322
2013-03-22,1218.584878037752
2013-03-23,359.83710058202735
2013-03-24,77.87252040973438
2013-03-25,0.0
2013-03-26,866.9021166698105
2013-03-27,1134.3195221008766
2013-03-28,0.0
2013-03-29,0.0
2013-03-30,153.41951174781
2013-03-31,73.0932031411163
2013-04-01,890.3306043025452
2013-04-02,1037.855766780678
2013-04-03,1105.61147618902
2013-04-04,1199.7032128895864
2013-04-05,1213.708118287913
2013-04-06,364.2168107443879
2013-04-07,83.01017308867685
2013-04-08,886.6660821135125
2013-04-09,1031.3284428148438
2013-04-10,1102.5587806714602
2013-04-11,1202.9047804520542
2013-04-12,1223.1733173329285
2013-04-13,379.7069671379973
2013-04-14,106.40169387730664
2013-04-15,895.8273300630765
2013-04-16,1021.7616863099726
2013-04-17,1133.1225635788928
2013-04-18,1197.6848509429326
2013-04-19,1211.4810332011025
2013-04-20,360.9759803470979
2013-04-21,78.41216236878572
2013-04-22,881.2208387037829
2013-04-23,996.6888880698118
2013-04-24,1095.6885555236538
2013-04-25,1201.4409693774924
2013-04-26,1220.5196826321592
2013-04-27,360.47020681682056
2013-04-28,81.07754378314115
2013-04-29,862.7098929728942
2013-04-30,1086.6364763525726
2013-05-01,0.0
2013-05-02,1133.969910677706
2013-05-03,1198.0198152326593
2013-05-04,381.5534001802112
2013-05-05,99.03412267023154
2013-05-06,898.2256394419504
2013-05-07,1035.7571647889297
2013-05-08,1105.4713552025744
2013-05-09,1201.2316398698508
2013-05-10,1219.2152299358286
2013-05-11,356.04583786175186
2013-05-12,77.03239929980217
2013-05-13,0.0
2013-05-14,903.5495910977668
2013-05-15,1087.9357262848046
2013-05-16,1185.5433743768665
2013-05-17,1183.070867701348
2013-05-18,393.57126187337366
2013-05-19,87.56289939484039
2013-05-20,885.0778025993039
2013-05-21,1039.0651759114544
2013-05-22,1122.876043930581
2013-05-23,1198.82846302566
2013-05-24,1211.4745532185204
2013-05-25,345.0723764119435
2013-05-26,77.54837165769705
2013-05-27,884.0265339687949
2013-05-28,1015.148109061556
2013-05-29,1103.6783284773942
2013-05-30,1197.4616406187592
2013-05-31,1208.1536466778043
2013-06-01,354.4581877146918
2013-06-02,77.72061651391871
2013-06-03,0.0
2013-06-04,891.8125381902557
2013-06-05,1092.048914349426
2013-06-06,1185.3491030126047
2013-06-07,1199.815944890805
2013-06-08,342.25427961387027
2013-06-09,81.30015334239235
2013-06-10,0.0
2013-06-11,903.183002168828
2013-06-12,1091.2758773141757
2013-06-13,1185.7297500459606
2013-06-14,1198.756516429182
2013-06-15,505.8514257055864
2013-06-16,141.47184061927013
2013-06-17,898.6409848028678
2013-06-18,1086.062869797452
2013-06-19,1153.5021001662735
2013-06-20,1194.7140265483752
2013-06-21,1205.5008620403355
2013-06-22,361.70041882614015
2013-06-23,136.87598901221375
2013-06-24,899.1090902869523
2013-06-25,1049.1022114735506
2013-06-26,1125.8064641605336
2013-06-27,1197.2321291527735
2013-06-28,1212.969858073791
2013-06-29,377.8928255092731
2013-06-30,84.90134131237794
2013-07-01,0.0
2013-07-02,895.6248940929755
2013-07-03,1129.6122722591565
2013-07-04,1180.4593010305953
2013-07-05,1226.527267665763
2013-07-06,511.07786938639566
2013-07-07,122.704819313127
2013-07-08,900.2444011359414
2013-07-09,1054.5749066872968
2013-07-10,1151.0644418045626
2013-07-11,1217.804415328597
2013-07-12,1203.500500567588
2013-07-13,508.1958682566763
2013-07-14,131.86623173428063
2013-07-15,951.8215401490244
2013-07-16,1286.9828153734784
2013-07-17,1230.1300529958487
2013-07-18,1195.5915445068497
2013-07-19,981.5613894890512
2013-07-20,0.0
2013-07-21,88.16201344316624
2013-07-22,859.9054465391579
2013-07-23,1024.2808686084015
2013-07-24,1125.9040490120983
2013-07-25,1196.300791991246
2013-07-26,1212.0244067796173
2013-07-27,400.4379585311332
2013-07-28,103.7761491789073
2013-07-29,891.1493876329511
2013-07-30,1052.148448401908
2013-07-31,1132.8045596996128
2013-08-01,1192.4399040462763
2013-08-02,1208.1930786044902
2013-08-03,383.47655442749976
2013-08-04,94.28983135903216
2013-08-05,834.7088550646512
2013-08-06,1081.608913655844
2013-08-07,0.0
2013-08-08,1102.372005263606
2013-08-09,1191.000913924558
2013-08-10,411.591633545198
2013-08-11,99.72159487477045
2013-08-12,889.3456541132955
2013-08-13,995.4718500196872
2013-08-14,1095.7616898539086
2013-08-15,1202.7672577537037
2013-08-16,1216.5477402567783
2013-08-17,383.384946228153
2013-08-18,122.66979778232805
2013-08-19,0.0
2013-08-20,885.4121516998975
2013-08-21,1141.696327570074
2013-08-22,1174.9964593917955
2013-08-23,1189.9934226493303
2013-08-24,374.9985384466131
2013-08-25,99.64817567048688
2013-08-26,892.3306898215225
2013-08-27,1043.6519845251244
2013-08-28,1123.3806280529589
2013-08-29,1201.194581855589
2013-08-30,1222.4036192968092
2013-08-31,368.5482114833084
2013-09-01,88.56816889005341
2013-09-02,891.5637656773347
2013-09-03,1033.181214013011
2013-09-04,1127.7945168088822
2013-09-05,1194.908245100068
2013-09-06,1213.3555576094398
2013-09-07,376.0452880891043
2013-09-08,87.19049608255118
2013-09-09,890.9291864080169
2013-09-10,998.0866634467744
2013-09-11,1106.2693485240802
2013-09-12,1202.8296187442438
2013-09-13,1211.315082653696
2013-09-14,377.8897663633107
2013-09-15,88.27669231942528
2013-09-16,901.8484898391408
2013-09-17,1031.5105643662785
2013-09-18,1146.3206418735465
2013-09-19,1239.781389460862
2013-09-20,1250.0325527655316
2013-09-21,380.4335664638208
2013-09-22,131.07058831338313
2013-09-23,922.4428002398158
2013-09-24,1091.4529449681677
2013-09-25,1188.158940157528
2013-09-26,1297.272787289496
2013-09-27,1306.379793427015
2013-09-28,386.4691054058362
2013-09-29,106.77522081238573
2013-09-30,933.9373984236886
2013-10-01,1103.1247623774268
2013-10-02,1190.3608037987924
2013-10-03,1302.250761267554
2013-10-04,1317.1808880906754
2013-10-05,375.2863817478334
2013-10-06,99.08969566444908
2013-10-07,939.1434338013872
2013-10-08,1007.591441685122
2013-10-09,1159.6513722615696
2013-10-10,1303.4173257991029
2013-10-11,1298.9288154703909
2013-10-12,366.5943290430795
2013-10-13,93.29891356232982
2013-10-14,0.0
2013-10-15,926.2302360993754
2013-10-16,1172.7944010842425
2013-10-17,1276.0753917298568
2013-10-18,1301.2187531481925
2013-10-19,375.4743285451136
2013-10-20,100.66001753962549
2013-10-21,940.9788422344892
2013-10-22,1093.914903392901
2013-10-23,1188.548426820177
2013-10-24,1298.2972361958896
2013-10-25,1312.3475591580295
2013-10-26,384.15885885065336
2013-10-27,97.68899984343628
2013-10-28,945.8661099337612
2013-10-29,1097.2791916045217
2013-10-30,1190.2143966689623
2013-10-31,1316.5734208191363
2013-11-01,1335.001542916823
2013-11-02,383.95647486017896
2013-11-03,97.50008608610511
2013-11-04,0.0
2013-11-05,935.1765952434446
2013-11-06,1183.0603685958386
2013-11-07,1277.307163684394
2013-11-08,1300.3419374378625
2013-11-09,359.36863908946134
2013-11-10,89.83195949006351
2013-11-11,0.0
2013-11-12,944.2299486402688
2013-11-13,1166.7471779187497
2013-11-14,1277.4681530505009
2013-11-15,1300.5694252984083
2013-11-16,374.9975051260293
2013-11-17,90.5124289699903
2013-11-18,946.010403956604
2013-11-19,1052.6686874069053
2013-11-20,1167.479331867063
2013-11-21,1314.417869806938
2013-11-22,1330.0219608967948
2013-11-23,382.1637927763578
2013-11-24,106.36620748186202
2013-11-25,945.5410507096592
2013-11-26,1100.301001402556
2013-11-27,1199.5632198226854
2013-11-28,1326.820304712252
2013-11-29,1353.1234329734834
2013-11-30,397.80860093051007
2013-12-01,123.53118368984872
2013-12-02,934.0549925423747
2013-12-03,1143.9377236205526
2013-12-04,1211.3623978097537
2013-12-05,1310.5953092290497
2013-12-06,1337.043090840219
2013-12-07,468.726723012903
2013-12-08,0.0
2013-12-09,877.6045171240241
2013-12-10,1113.2678233690156
2013-12-11,1217.087846628698
2013-12-12,1381.6377314225822
2013-12-13,1411.684487539966
2013-12-14,384.187674833692
2013-12-15,112.00973269738572
2013-12-16,965.6620443620592
2013-12-17,1132.4085161952255
2013-12-18,1227.21433466409
2013-12-19,1397.1985967386656
2013-12-20,1423.0380468860435
2013-12-21,499.9977346433053
2013-12-22,140.56675047903758
2013-12-23,1089.1978911692063
2013-12-24,1401.2675822999656
2013-12-25,0.0
2013-12-26,1181.3078764092604
2013-12-27,1437.5998075010368
2013-12-28,446.6112757323152
2013-12-29,135.6589594871502
2013-12-30,1044.3965938693068
2013-12-31,1155.9628651084329
2014-01-01,0.0
2014-01-02,291.7816887610938
2014-01-03,906.8978427028368
2014-01-04,423.33732061858433
2014-01-05,145.2199207809861
2014-01-06,0.0
2014-01-07,830.5021957083273
2014-01-08,1210.1658717675705
2014-01-09,1258.4996513708331
2014-01-10,1175.7349002838462
2014-01-11,467.5020028187565
2014-01-12,113.0466080394881
2014-01-13,886.1265315768003
2014-01-14,1032.1022095995331
2014-01-15,1118.5210772567086
2014-01-16,1178.8398693126803
2014-01-17,1201.382423741929
2014-01-18,361.1944031707991
2014-01-19,85.27252269526618
2014-01-20,845.2695794025433
2014-01-21,1023.081105143492
2014-01-22,1113.950086862683
2014-01-23,1184.5735374393837
2014-01-24,1187.936152627636
2014-01-25,380.6357233778163
2014-01-26,84.05542391976259
2014-01-27,881.5212933007133
2014-01-28,1024.048079817481
2014-01-29,1116.6158077058913
2014-01-30,1184.944869165909
2014-01-31,1193.2768765043331
2014-02-01,347.8297409438039
2014-02-02,88.18838574189253
2014-02-03,869.2829544929949
2014-02-04,945.4736906281609
2014-02-05,1079.4519251061
2014-02-06,1177.9016728657075
2014-02-07,1180.0955359753816
2014-02-08,368.9834743480048
2014-02-09,96.93058524086877
2014-02-10,880.8888055946201
2014-02-11,1032.9805610696071
2014-02-12,1115.255838613146
2014-02-13,1179.8109822244498
2014-02-14,1203.2341567577907
2014-02-15,392.7383881904337
2014-02-16,132.77359525871682
2014-02-17,887.2581874135592
2014-02-18,1041.4447835020198
2014-02-19,1120.0540087970958
2014-02-20,1182.1337511568445
2014-02-21,1196.2777023938766
2014-02-22,370.2524372864146
2014-02-23,96.51544445263872
2014-02-24,881.6945271825386
2014-02-25,1036.4154094042954
2014-02-26,1120.8881998684435
2014-02-27,1182.46392415223
2014-02-28,1199.6516174893002
2014-03-01,343.33299831261724
2014-03-02,84.89187160506457
2014-03-03,880.648633793675
2014-03-04,1004.9904168933678
2014-03-05,1104.103528250162
2014-03-06,1186.0414012825283
2014-03-07,1199.633634889816
2014-03-08,355.3269295352961
2014-03-09,84.93030639573149
2014-03-10,877.8947174493427
2014-03-11,993.8973601188452
2014-03-12,1099.756492997447
2014-03-13,1193.6288996366618
2014-03-14,1207.8960926842567
2014-03-15,373.2810750007095
2014-03-16,96.29144990777758
2014-03-17,847.4431620427896
2014-03-18,1040.566505388137
2014-03-19,1120.7644530278735
2014-03-20,1187.3710816166245
2014-03-21,1199.325493038016
2014-03-22,396.9525865746271
2014-03-23,97.2020871065504
2014-03-24,0.0
2014-03-25,861.5616076059891
2014-03-26,1184.5713942592088
2014-03-27,1192.378337524466
2014-03-28,1121.6690932035365
2014-03-29,455.2813246521675
2014-03-30,111.82637793241784
2014-03-31,872.914970274203
2014-04-01,1049.401921387314
2014-04-02,1132.3268130719662
2014-04-03,1195.1030496747696
2014-04-04,1216.6950506801986
2014-04-05,377.3279555784927
2014-04-06,104.3797551365262
2014-04-07,990.438571804918
2014-04-08,1082.38417676979
2014-04-09,1136.226997230492
2014-04-10,1195.6251684132403
2014-04-11,1211.8424611218784
2014-04-12,374.72190128907386
2014-04-13,102.76726755411497
2014-04-14,1000.8168546792286
2014-04-15,1144.6294538171785
2014-04-16,1157.1127703525551
2014-04-17,0.0
2014-04-18,0.0
2014-04-19,143.81239204740712
2014-04-20,104.75415192036851
2014-04-21,875.1418681737437
2014-04-22,997.2831349462876
2014-04-23,1100.7639606256755
2014-04-24,1205.4238984621911
2014-04-25,1222.1414249244033
2014-04-26,371.0622270044002
2014-04-27,79.83523872949401
2014-04-28,875.8927489396351
2014-04-29,1090.0404869330953
2014-04-30,1136.2843911687423
2014-05-01,0.0
2014-05-02,1095.1890025402035
2014-05-03,368.95789214171134
2014-05-04,116.09557214079896
2014-05-05,869.3592898305001
2014-05-06,1024.5063293630838
2014-05-07,1105.1315358149882
2014-05-08,1203.7654200056452
2014-05-09,1221.9632511363518
2014-05-10,403.1747977662122
2014-05-11,117.4325941498866
2014-05-12,915.1095359958358
2014-05-13,1046.731331434541
2014-05-14,1122.7773959882545
2014-05-15,1190.7146244745086
2014-05-16,1198.9952886123474
2014-05-17,380.0617141530166
2014-05-18,95.61476482201672
2014-05-19,911.257293496977
2014-05-20,1042.339071667247
2014-05-21,1122.0698888707768
2014-05-22,1195.7398154627715
2014-05-23,1209.9664933287045
2014-05-24,372.6771844822212
2014-05-25,77.16324758948272
2014-05-26,888.7992449732029
2014-05-27,1015.895555267761
2014-05-28,1105.6509236205766
2014-05-29,1204.7380518627967
2014-05-30,1222.0016978572835
2014-05-31,364.96859760062864
2014-06-01,82.69353752406826
2014-06-02,0.0
2014-06-03,889.6349679617398
2014-06-04,1109.566227350573
2014-06-05,1184.646914340499
2014-06-06,1196.067955597848
2014-06-07,371.7730854559235
2014-06-08,113.28593327330204
2014-06-09,888.7550270637381
2014-06-10,1030.921097696166
2014-06-11,1122.8839261421572
2014-06-12,1196.2362885328953
2014-06-13,1214.8159015449878
2014-06-14,383.4595139100487
2014-06-15,88.41038780065895
2014-06-16,873.7733356679665
2014-06-17,1003.6709380693768
2014-06-18,1107.735933808559
2014-06-19,1197.881428033224
2014-06-20,1199.45046119268
2014-06-21,377.3118608862272
2014-06-22,83.45525497292856
2014-06-23,0.0
2014-06-24,890.2037088794383
2014-06-25,1112.5437764787116
2014-06-26,1182.462474367938
2014-06-27,1185.2293944080864
2014-06-28,382.6761070401417
2014-06-29,81.11108858755956
2014-06-30,0.0
2014-07-01,887.3008042751878
2014-07-02,1120.139134651277
2014-07-03,1180.213074780068
2014-07-04,1193.6804836566148
2014-07-05,355.10297558147465
2014-07-06,88.45424575417275
2014-07-07,889.8056102613947
2014-07-08,1044.3710748848025
2014-07-09,1121.4992162392566
2014-07-10,1203.537294775055
2014-07-11,1212.3089639527338
2014-07-12,379.4833888323769
2014-07-13,84.71578797471214
2014-07-14,827.8224382789748
2014-07-15,1081.3641367163575
2014-07-16,1116.1455320378318
2014-07-17,1180.3796259138792
2014-07-18,1193.4409478768166
2014-07-19,342.54294090368967
2014-07-20,0.0
2014-07-21,836.3339934024236
2014-07-22,1044.5114196195384
2014-07-23,1104.9643787523648
2014-07-24,1204.0437475469485
2014-07-25,1217.8809607562569
2014-07-26,380.2874340556904
2014-07-27,83.19030220791156
2014-07-28,889.9216778383728
2014-07-29,1025.8569528232852
2014-07-30,1104.6065766065635
2014-07-31,1204.2630481829433
2014-08-01,1223.6908540612817
2014-08-02,389.6947593527739
2014-08-03,87.80200740020132
2014-08-04,831.9521026310143
2014-08-05,1035.6792989178134
2014-08-06,1104.0380335822736
2014-08-07,0.0
2014-08-08,937.1032234627432
2014-08-09,368.94753508400777
2014-08-10,94.94869767566595
2014-08-11,893.7795281967641
2014-08-12,1038.5435372901295
2014-08-13,1103.80359220961
2014-08-14,1202.6263631242657
2014-08-15,1221.9068705308316
2014-08-16,388.7739587493979
2014-08-17,86.21754231637462
2014-08-18,0.0
2014-08-19,885.5494099226675
2014-08-20,1109.0442206153311
2014-08-21,1176.561479700504
2014-08-22,1190.0172556891605
2014-08-23,370.1406801787065
2014-08-24,95.31703585022711
2014-08-25,893.9551766982137
2014-08-26,1018.6552761703416
2014-08-27,1106.3051299558026
2014-08-28,1205.881809847485
2014-08-29,1224.8161670815232
2014-08-30,400.3759716018867
2014-08-31,91.68625231915408
2014-09-01,887.4127013690133
2014-09-02,992.4490726703264
2014-09-03,1101.9284383141753
2014-09-04,1201.5552906836194
2014-09-05,1218.771197014274
2014-09-06,378.9147473636668
2014-09-07,85.45639406273428
2014-09-08,893.2421969236553
2014-09-09,1017.363413387396
2014-09-10,1103.15321949266
2014-09-11,1198.8518634797877
2014-09-12,1199.6352579780803
2014-09-13,376.95255924459065
2014-09-14,94.14822201896988
2014-09-15,934.0151593969072
2014-09-16,1065.4204207586258
2014-09-17,1124.217012888639
2014-09-18,1219.443162260376
2014-09-19,1233.4395254258989
2014-09-20,378.5792371498292
2014-09-21,90.23876540758737
2014-09-22,904.2433521226878
2014-09-23,1066.7383724180695
2014-09-24,1163.72267258367
2014-09-25,1301.3736390054862
2014-09-26,1328.5940618841355
2014-09-27,384.57163160623134
2014-09-28,87.0412202290127
2014-09-29,908.3209201395332
2014-09-30,1065.3078747916163
2014-10-01,1169.115027260728
2014-10-02,1310.2841781331151
2014-10-03,1328.5039236982034
2014-10-04,375.8928538712239
2014-10-05,98.65654611611274
2014-10-06,946.9045414273868
2014-10-07,1065.2100423853442
2014-10-08,1171.802151579994
2014-10-09,1300.537484011816
2014-10-10,1322.110340777367
2014-10-11,386.24499460754265
2014-10-12,104.35155115321491
2014-10-13,0.0
2014-10-14,925.0291988391608
2014-10-15,1163.215410926015
2014-10-16,1289.168743633168
2014-10-17,1315.3598509730682
2014-10-18,440.3480803877393
2014-10-19,127.00365317704048
2014-10-20,940.7722834374156
2014-10-21,1096.9959588320005
2014-10-22,1187.7081774560172
2014-10-23,1315.4827606051902
2014-10-24,1355.4925615052505
2014-10-25,388.459529736207
2014-10-26,104.08685835422531
2014-10-27,952.3034600061126
2014-10-28,1106.762434222306
2014-10-29,1206.003559373042
2014-10-30,1339.0059342230963
2014-10-31,1387.6460663189434
2014-11-01,378.4204083920437
2014-11-02,95.8593555954363
2014-11-03,0.0
2014-11-04,920.1919743968208
2014-11-05,1144.2188101684726
2014-11-06,1289.408342161255
2014-11-07,1314.3244443972285
2014-11-08,374.9297068153996
2014-11-09,88.837900437665
2014-11-10,946.1126603621248
2014-11-11,1045.2860556925375
2014-11-12,1177.0181401472096
2014-11-13,1337.1126931086303
2014-11-14,1360.654784138211
2014-11-15,393.9000780692688
2014-11-16,117.28462418186533
2014-11-17,0.0
2014-11-18,929.5104166181028
2014-11-19,1158.3297399768126
2014-11-20,1278.8288638436914
2014-11-21,1306.2505462944164
2014-11-22,381.2471556299934
2014-11-23,100.57208344009462
2014-11-24,949.3902465560984
2014-11-25,1104.1327094170542
2014-11-26,1211.7887896565455
2014-11-27,1373.317776365172
2014-11-28,1415.323056538582
2014-11-29,474.08779799414566
2014-11-30,118.31879746178473
2014-12-01,950.254618557589
2014-12-02,1126.6779863886889
2014-12-03,1223.4425162281848
2014-12-04,1379.4718871970936
2014-12-05,1420.483349315355
2014-12-06,394.7758716332424
2014-12-07,91.8604216217138
2014-12-08,0.0
2014-12-09,930.8556942279416
2014-12-10,1250.3483145781731
2014-12-11,1361.6211043593776
2014-12-12,1400.1173860469223
2014-12-13,403.2661009760766
2014-12-14,99.57914952100715
2014-12-15,930.6845736104412
2014-12-16,1076.6283212179694
2014-12-17,1225.415865349189
2014-12-18,1404.243095697891
2014-12-19,1426.681576930359
2014-12-20,508.2254273266848
2014-12-21,133.10064676172738
2014-12-22,1067.8110167770908
2014-12-23,1790.4885752675764
2014-12-24,1337.6114553510486
2014-12-25,0.0
2014-12-26,1176.7493584941794
2014-12-27,623.4531225166476
2014-12-28,152.64748533544577
2014-12-29,1034.896716669021
2014-12-30,1758.74588210867
2014-12-31,1280.586857347692
2015-01-01,0.0
2015-01-02,417.3908251191269
2015-01-03,362.2034937137384
2015-01-04,87.19237403459069
2015-01-05,848.1562857070552
2015-01-06,1029.3308013946566
2015-01-07,1115.9417125869538
2015-01-08,1171.5685144123324
2015-01-09,1198.4205097602658
2015-01-10,377.85883953278136
2015-01-11,94.84661482013443
2015-01-12,0.0
2015-01-13,833.891455334727
2015-01-14,1124.9678248585135
2015-01-15,1152.9774675609788
2015-01-16,1178.2629545516834
2015-01-17,330.2725293196528
2015-01-18,82.66905777129199
2015-01-19,858.2166157663304
2015-01-20,1012.0357309139848
2015-01-21,1102.6370675345584
2015-01-22,1185.755384138301
2015-01-23,1201.3695742694435
2015-01-24,389.4110921909295
2015-01-25,124.50967181691858
2015-01-26,882.8163429661631
2015-01-27,1020.9795038365896
2015-01-28,1093.6098426798485
2015-01-29,1167.4619340421846
2015-01-30,1178.1131683713418
2015-01-31,378.41186652710127
2015-02-01,86.8113110557867
2015-02-02,837.814005517734
2015-02-03,965.982154185804
2015-02-04,1061.0756502406566
2015-02-05,1152.0821942718662
2015-02-06,1154.443510565783
2015-02-07,364.2800991644869
2015-02-08,92.18679903539764
2015-02-09,874.1653282669573
2015-02-10,1018.50500200465
2015-02-11,1102.705928648864
2015-02-12,1178.2871741677511
2015-02-13,1191.4503809862251
2015-02-14,368.2075289219382
2015-02-15,81.15274961363184
2015-02-16,871.3671891619218
2015-02-17,991.4287729687056
2015-02-18,1084.1473125556304
2015-02-19,1184.409416550504
2015-02-20,1195.718765177558
2015-02-21,366.1063471137785
2015-02-22,80.34810419801501
2015-02-23,875.0697827263637
2015-02-24,996.0449045550674
2015-02-25,1090.433304241301
2015-02-26,1185.586870628077
2015-02-27,1204.7350298399062
2015-02-28,372.3753857211456
2015-03-01,98.58821935525046
2015-03-02,918.0730882457208
2015-03-03,1038.9807449254904
2015-03-04,1115.396389111802
2015-03-05,1180.3964386883608
2015-03-06,1190.309469321457
2015-03-07,347.59140318164816
2015-03-08,76.72984290190708
2015-03-09,868.1338139930883
2015-03-10,994.3363605812676
2015-03-11,1087.461334103309
2015-03-12,1187.6007660922237
2015-03-13,1185.4629206212194
2015-03-14,352.045109746776
2015-03-15,77.58857137159467
2015-03-16,872.1588979211573
2015-03-17,992.662889565212
2015-03-18,1096.180707563869
2015-03-19,1194.2211797767025
2015-03-20,1195.3725730404817
2015-03-21,359.5087769654568
2015-03-22,86.7836976935423
2015-03-23,0.0
2015-03-24,867.8228173634773
2015-03-25,1166.21542250196
2015-03-26,1200.6902117256625
2015-03-27,1208.376015954621
2015-03-28,383.08540177511895
2015-03-29,82.36931133796736
2015-03-30,904.0142808007816
2015-03-31,1113.7405603717443
2015-04-01,1121.049248785308
2015-04-02,0.0
2015-04-03,0.0
2015-04-04,146.22131685492815
2015-04-05,92.3907151194834
2015-04-06,882.3614830911682
2015-04-07,1032.7784853708604
2015-04-08,1113.076289959334
2015-04-09,1189.355543113095
2015-04-10,1192.3496731511002
2015-04-11,331.88630182953074
2015-04-12,75.56112019825018
2015-04-13,877.6287946523519
2015-04-14,1006.4902379366024
2015-04-15,1094.621730022097
2015-04-16,1190.1602472449506
2015-04-17,1202.0741206770592
2015-04-18,341.8400412134874
2015-04-19,76.81021763596182
2015-04-20,870.6741017985676
2015-04-21,952.135102184308
2015-04-22,1081.137340531524
2015-04-23,1183.7466032465918
2015-04-24,1186.3586708410064
2015-04-25,361.8666462835804
2015-04-26,87.5628553916898
2015-04-27,952.5303685229702
2015-04-28,1048.4145406255996
2015-04-29,1111.91295676273
2015-04-30,1182.8858339375056
2015-05-01,0.0
2015-05-02,225.00119320002125
2015-05-03,88.25460484517605
2015-05-04,853.1937705466858
2015-05-05,1015.9568069558636
2015-05-06,1106.041590232364
2015-05-07,1187.5992108875732
2015-05-08,1208.076113714907
2015-05-09,386.346737043194
2015-05-10,92.5619131816167
2015-05-11,877.1084270974555
2015-05-12,1023.3110394492498
2015-05-13,1109.1020152719443
2015-05-14,1190.028873652962
2015-05-15,1201.9456154239992
2015-05-16,348.31359556890175
2015-05-17,78.40762165546096
2015-05-18,0.0
2015-05-19,908.5736941558882
2015-05-20,1136.4045809507577
2015-05-21,1166.3200736328602
2015-05-22,1179.8887423575395
2015-05-23,326.7578775332951
2015-05-24,76.39789384318068
2015-05-25,870.3448575174451
2015-05-26,980.198361793873
2015-05-27,1087.5766199750897
2015-05-28,1187.0429257391263
2015-05-29,1186.9193705716975
2015-05-30,369.2070733500847
2015-05-31,76.83540101666033
2015-06-01,876.000296410998
2015-06-02,1018.0071490893462
2015-06-03,1110.499140227687
2015-06-04,1188.453878886509
2015-06-05,1195.8182726788807
2015-06-06,372.2331332801931
2015-06-07,76.08093624074255
2015-06-08,0.0
2015-06-09,885.814194287839
2015-06-10,1106.8469754715916
2015-06-11,1178.92478997408
2015-06-12,1191.7949261813574
2015-06-13,358.75134653108296
2015-06-14,98.34062001935648
2015-06-15,0.0
2015-06-16,886.7228310516015
2015-06-17,1123.0240345595685
2015-06-18,1179.6416171511166
2015-06-19,1180.3448231524014
2015-06-20,359.0061224101325
2015-06-21,84.46484577487159
2015-06-22,880.6131148810739
2015-06-23,1025.26569511006
2015-06-24,1106.35936962157
2015-06-25,1196.9839758499688
2015-06-26,1208.4539174693998
2015-06-27,371.9437748626265
2015-06-28,76.14969325611612
2015-06-29,0.0
2015-06-30,898.3820312615261
2015-07-01,1123.1662810325731
2015-07-02,1178.658191735005
2015-07-03,1189.780106753213
2015-07-04,361.3722495309949
2015-07-05,90.9168465556638
2015-07-06,881.3886524885512
2015-07-07,1040.908437815977
2015-07-08,1119.8859473523264
2015-07-09,1200.2229491140051
2015-07-10,1219.165018014844
2015-07-11,378.29841023145786
2015-07-12,95.16892323227384
2015-07-13,881.0500218037263
2015-07-14,1022.39936747742
2015-07-15,1119.436343679597
2015-07-16,1186.5732651706503
2015-07-17,1205.9809223838663
2015-07-18,399.675111888237
2015-07-19,114.39575312357282
2015-07-20,0.0
2015-07-21,870.504335067418
2015-07-22,1120.9210343674474
2015-07-23,1160.0424562659996
2015-07-24,1175.4617874015223
2015-07-25,361.963482211938
2015-07-26,92.12693461484632
2015-07-27,878.8240172135424
2015-07-28,1028.9637267420335
2015-07-29,1111.2356789836062
2015-07-30,1192.2449291980706
2015-07-31,1212.1493046283156
2015-08-01,390.44765137350936
2015-08-02,97.26424358563234
2015-08-03,875.3129234600051
2015-08-04,1135.4869223743306
2015-08-05,1138.1799448763088
2015-08-06,1163.4783525458442
2015-08-07,0.0
2015-08-08,215.66802198009023
2015-08-09,92.157787032362
2015-08-10,907.3234127017328
2015-08-11,1021.1397957050692
2015-08-12,1103.7456395436873
2015-08-13,1181.2160289454062
2015-08-14,1185.49886107754
2015-08-15,384.8644427258776
2015-08-16,92.65360778931228
2015-08-17,0.0
2015-08-18,858.6307058263295
2015-08-19,1082.3635334564192
2015-08-20,1142.8343406491076
2015-08-21,1147.280385464041
2015-08-22,405.89700487775445
2015-08-23,124.5713422924752
2015-08-24,906.7331910897144
2015-08-25,1022.0242986988558
2015-08-26,1102.1329640582517
2015-08-27,1173.868432314417
2015-08-28,1190.3300276670695
2015-08-29,391.7739493826525
2015-08-30,106.27534314304997
2015-08-31,901.4937120922028
2015-09-01,996.350058164718
2015-09-02,1085.3559921854503
2015-09-03,1125.9712764600629
2015-09-04,1141.7299987574074
2015-09-05,389.3444789993555
2015-09-06,122.0177143389664
2015-09-07,891.3169297797278
2015-09-08,1009.9614125715632
2015-09-09,1095.4685035655573
2015-09-10,1133.304148817468
2015-09-11,1142.0206043218272
2015-09-12,382.91664469933175
2015-09-13,95.75278397943764
2015-09-14,876.4827519639144
2015-09-15,1007.7692000289072
2015-09-16,1087.236922596093
2015-09-17,1129.757226812647
2015-09-18,1130.883803184732
2015-09-19,357.9844064066413
2015-09-20,108.28375145156234
2015-09-21,866.7944231583693
2015-09-22,928.8480826245872
2015-09-23,1049.122675196048
2015-09-24,1111.6072794722918
2015-09-25,1103.4410951490793
2015-09-26,373.1415254487763
2015-09-27,99.74267733044552
2015-09-28,877.1294004472294
2015-09-29,1008.5861610637652
2015-09-30,1093.1543197837022
2015-10-01,1126.3253958581204
2015-10-02,1124.9288442034556
2015-10-03,378.26244708719264
2015-10-04,87.95527045181107
2015-10-05,890.4764146419909
2015-10-06,1011.7975903914266
2015-10-07,1088.1783754591688
2015-10-08,1130.1324130404598
2015-10-09,1129.7310682900345
2015-10-10,381.2850860682613
2015-10-11,117.41640474653848
2015-10-12,0.0
2015-10-13,875.2806927303837
2015-10-14,1083.5615358405691
2015-10-15,1122.1195100472912
2015-10-16,1120.8744213095383
2015-10-17,410.74086536448345
2015-10-18,130.65856643369912
2015-10-19,878.3661272077804
2015-10-20,1006.7131180147144
2015-10-21,1087.07126301338
2015-10-22,1133.802267179153
2015-10-23,1132.1389420092205
2015-10-24,335.12252721090573
2015-10-25,82.57218817042782
2015-10-26,870.9697353504891
2015-10-27,966.37703853015
2015-10-28,1066.1860980654706
2015-10-29,1129.7228651171415
2015-10-30,1130.617181061872
2015-10-31,382.9068264053388
2015-11-01,102.6309714459232
2015-11-02,0.0
2015-11-03,875.2016863763431
2015-11-04,1092.2437209659518
2015-11-05,1118.0989890274273
2015-11-06,1121.247355676819
2015-11-07,355.4862011313654
2015-11-08,113.57309934987144
2015-11-09,886.7888156758007
2015-11-10,997.9523361702272
2015-11-11,1087.3762366507256
2015-11-12,1130.832563097046
2015-11-13,1136.21947091312
2015-11-14,391.2618575040268
2015-11-15,112.1876710506536
2015-11-16,0.0
2015-11-17,877.3358792254528
2015-11-18,1085.6160369656438
2015-11-19,1123.348617617283
2015-11-20,1126.356840765019
2015-11-21,371.81772949478943
2015-11-22,119.50147772551392
2015-11-23,927.9678489708656
2015-11-24,1010.2883850744928
2015-11-25,1090.7745254430529
2015-11-26,1131.8360376316152
2015-11-27,1137.2557455449055
2015-11-28,383.5289253946217
2015-11-29,99.34598228206798
2015-11-30,947.1985469946842
2015-12-01,1013.6065442190604
2015-12-02,1096.2862781021815
2015-12-03,1135.033725407225
2015-12-04,1138.3526544737165
2015-12-05,371.4461790981196
2015-12-06,97.6348004033099
2015-12-07,937.813588618846
2015-12-08,0.0
2015-12-09,957.1955237670272
2015-12-10,1145.9913734809732
2015-12-11,1153.3085260452365
2015-12-12,494.35191023937904
2015-12-13,137.90326385895196
2015-12-14,939.4630676858778
2015-12-15,1043.1379074562435
2015-12-16,1098.8858957967527
2015-12-17,1140.985093849923
2015-12-18,1147.9491935172005
2015-12-19,363.425914905001
2015-12-20,129.14250349527848
2015-12-21,989.33760014383
2015-12-22,1155.299506771512
2015-12-23,1188.0302320165204
2015-12-24,1151.6413075521612
2015-12-25,0.0
2015-12-26,192.22052490830472
2015-12-27,96.24460780196787
2015-12-28,875.8093092851209
2015-12-29,1149.891112654729
2015-12-30,1199.683974872714
2015-12-31,1136.9249575031138
2016-01-01,0.0
2016-01-02,133.55946553955727
2016-01-03,81.0088385604661
2016-01-04,849.66997241531
2016-01-05,972.1108269256232
2016-01-06,1057.4300234781756
2016-01-07,1106.188099483748
2016-01-08,1113.32180625037
2016-01-09,350.22468224543104
2016-01-10,89.00984243298194
2016-01-11,0.0
2016-01-12,807.0178156928378
2016-01-13,1060.590073405126
2016-01-14,1117.9544738698355
2016-01-15,1128.7464995184182
2016-01-16,369.234004687518
2016-01-17,114.56194750541626
2016-01-18,868.8306486353645
2016-01-19,992.2399358157004
2016-01-20,1068.8183390825309
2016-01-21,1112.478100318611
2016-01-22,1118.2790236092428
2016-01-23,353.3731426653171
2016-01-24,87.15283954372504
2016-01-25,876.5396042169981
2016-01-26,986.8578782320302
2016-01-27,1066.5795679546482
2016-01-28,1118.4964457252065
2016-01-29,1119.3168610061186
2016-01-30,382.48722618694217
2016-01-31,82.42617380238923
2016-02-01,842.3388605785337
2016-02-02,921.4403616717716
2016-02-03,1029.3536614370255
2016-02-04,1109.6093110296292
2016-02-05,1108.3348854848948
2016-02-06,330.15656969349203
2016-02-07,81.65444029498016
2016-02-08,857.6007367551754
2016-02-09,985.8787198571292
2016-02-10,1054.7684168796332
2016-02-11,1115.2972128744273
2016-02-12,1116.634867130597
2016-02-13,347.6622229215307
2016-02-14,95.48125008873212
2016-02-15,877.2626871382514
2016-02-16,1021.2345650166526
2016-02-17,1099.071844354753
2016-02-18,1117.3101964040306
2016-02-19,1116.3173764327682
2016-02-20,372.49481787970495
2016-02-21,95.3922500022846
2016-02-22,885.9750121104852
2016-02-23,996.6797696797556
2016-02-24,1091.920234968274
2016-02-25,1118.9875389570016
2016-02-26,1120.803658986655
2016-02-27,322.54354656494
2016-02-28,81.23656280224995
2016-02-29,864.3827515215946
2016-03-01,945.824954474944
2016-03-02,1063.7490085767035
2016-03-03,1105.5034198744115
2016-03-04,1105.7164528107398
2016-03-05,317.7153855009681
2016-03-06,73.99692260769537
2016-03-07,888.7996919784792
2016-03-08,1002.7187709663768
2016-03-09,1039.0160643689662
2016-03-10,1111.1055138102577
2016-03-11,1110.240592237417
2016-03-12,340.8814039738091
2016-03-13,87.37037118698761
2016-03-14,844.1424904393108
2016-03-15,983.4232651252158
2016-03-16,1043.6186852697606
2016-03-17,1115.4195844902483
2016-03-18,1125.9099021900706
2016-03-19,356.18470874571096
2016-03-20,87.7565354809492
2016-03-21,0.0
2016-03-22,817.7924750465172
2016-03-23,1038.2398746561369
2016-03-24,0.0
2016-03-25,0.0
2016-03-26,123.69625272211232
2016-03-27,84.73420839676076
2016-03-28,868.9336467750838
2016-03-29,983.3979969229686
2016-03-30,1065.4443436052034
2016-03-31,1123.0117945721458
2016-04-01,1114.461444453614
2016-04-02,315.2228733511846
2016-04-03,92.83349039685592
2016-04-04,872.000989789594
2016-04-05,1015.773558840752
2016-04-06,1076.2201085967624
2016-04-07,1112.6966013413544
2016-04-08,1112.5273172505174
2016-04-09,340.8015109398356
2016-04-10,111.02581225700452
2016-04-11,937.9128456891568
2016-04-12,1017.2647248157888
2016-04-13,1076.0713650074267
2016-04-14,1112.1579796300116
2016-04-15,1109.9773575510417
2016-04-16,303.9266361692565
2016-04-17,75.7839365096922
2016-04-18,856.978980840948
2016-04-19,976.61979712488
2016-04-20,1073.0093911697293
2016-04-21,1116.4702170149433
2016-04-22,1114.428868456428
2016-04-23,316.63271355898155
2016-04-24,75.72243843872113
2016-04-25,898.1789490234972
2016-04-26,1001.9790344175624
2016-04-27,1088.746446071285
2016-04-28,1141.6832273934845
2016-04-29,1147.6763727364498
2016-04-30,444.7396242201411
2016-05-01,0.0
2016-05-02,799.2685593960708
2016-05-03,984.0084219134924
2016-05-04,1050.244679342692
2016-05-05,1118.3319150838868
2016-05-06,1116.9778188623436
2016-05-07,328.0544936479308
2016-05-08,89.68946545975365
2016-05-09,0.0
2016-05-10,881.836084739879
2016-05-11,1081.2466469105216
2016-05-12,1106.806870578639
2016-05-13,1115.597196653201
2016-05-14,338.5468828052487
2016-05-15,88.39821231632762
2016-05-16,854.6689255776579
2016-05-17,961.532026263268
2016-05-18,1051.408748762927
2016-05-19,1115.349766251207
2016-05-20,1130.954629546543
2016-05-21,326.02362439171674
2016-05-22,83.6787380225542
2016-05-23,861.5854035754068
2016-05-24,973.8439638550956
2016-05-25,1061.3938233046083
2016-05-26,1135.4205115995126
2016-05-27,1130.960944977396
2016-05-28,318.4127690117881
2016-05-29,83.88616822693736
2016-05-30,0.0
2016-05-31,911.6022267427792
2016-06-01,1081.7951324108274
2016-06-02,1190.7990569512942
2016-06-03,1116.741509330656
2016-06-04,384.0442100649893
2016-06-05,89.14017811654901
2016-06-06,0.0
2016-06-07,870.2341677394892
2016-06-08,1097.2960890906588
2016-06-09,1102.6333571555558
2016-06-10,1110.139049172806
2016-06-11,436.8154710138482
2016-06-12,99.44047397613876
2016-06-13,859.3085430217604
2016-06-14,992.7272817867724
2016-06-15,1053.6536576015958
2016-06-16,1128.7039588275163
2016-06-17,1112.6865796436348
2016-06-18,332.6116184052617
2016-06-19,73.64628911162673
2016-06-20,855.5985492032682
2016-06-21,972.2539100652735
2016-06-22,1049.9052885778058
2016-06-23,1117.039773181055
2016-06-24,1113.7773532439555
2016-06-25,341.5609433389428
2016-06-26,91.18159555647296
2016-06-27,856.3320123336746
2016-06-28,999.8148001374456
2016-06-29,1083.1815147702164
2016-06-30,1121.8779022122576
2017-01-01,0.0
2017-01-02,840.2963412545736
2017-01-03,967.5750854184816
2017-01-04,1063.1877498275974
2017-01-05,1119.8609410653555
2017-01-06,1124.0032019573623
2017-01-07,325.54678627576857
2017-01-08,77.19629225793646
2017-01-09,0.0
2017-01-10,838.7232988388331
2017-01-11,1206.9621768087948
2017-01-12,1156.797092117534
2017-01-13,1158.0915212407033
2017-01-14,331.87191949902314
2017-01-15,91.76518627460122
2017-01-16,862.1685900767733
2017-01-17,930.37238262809
2017-01-18,1027.4877919658793
2017-01-19,1101.7427277239374
2017-01-20,1104.2095408342805
2017-01-21,318.8712326098189
2017-01-22,78.06956417836864
2017-01-23,858.1078598814553
2017-01-24,979.3973118544644
2017-01-25,1074.090227490142
2017-01-26,1108.7843244612154
2017-01-27,1108.3702742279177
2017-01-28,346.8776197337719
2017-01-29,75.26560418412254
2017-01-30,856.7903825165581
2017-01-31,903.716599998911
2017-02-01,1016.0274680128726
2017-02-02,1093.1558677986122
2017-02-03,1100.8636353690092
2017-02-04,314.21966115497105
2017-02-05,76.40190894374885
2017-02-06,855.440634801053
2017-02-07,951.641947044494
2017-02-08,1028.0895424958558
2017-02-09,1112.3031066142062
2017-02-10,1113.2949312526814
2017-02-11,294.4421969824304
2017-02-12,76.7490508100971
2017-02-13,859.0248467532394
2017-02-14,926.6716323324404
2017-02-15,1026.7335751616458
2017-02-16,1111.7138526085323
2017-02-17,1092.4304571381122
2017-02-18,301.3946576203132
2017-02-19,76.0878571646454
2017-02-20,886.1006457570257
2017-02-21,959.2919417673522
2017-02-22,1043.7538587639026
2017-02-23,1109.682947743372
2017-02-24,1103.707827033319
2017-02-25,262.0848095586559
2017-02-26,73.10129062668913
2017-02-27,874.4038703498774
2017-02-28,956.1461900205134
2017-03-01,1055.1578205480985
2017-03-02,1097.7854643688072
2017-03-03,1096.797874801488
2017-03-04,255.40985727179125
2017-03-05,76.06928532490586
2017-03-06,854.573244566451
2017-03-07,948.6997117405356
2017-03-08,1140.771888061586
2017-03-09,1083.6584594480876
2017-03-10,1072.1930983552193
2017-03-11,414.4323300497563
2017-03-12,91.3299472483793
2017-03-13,859.9054764727215
2017-03-14,1054.190601537534
2017-03-15,1161.3012167002555
2017-03-16,1161.7839062651117
2017-03-17,1128.1855809932574
2017-03-18,306.5796863774488
2017-03-19,79.79533041728058
2017-03-20,0.0
2017-03-21,902.4097831332311
2017-03-22,1199.912596672933
2017-03-23,1385.2988154858713
2017-03-24,1377.3700894865258
2017-03-25,364.1476692996821
2017-03-26,109.1502606105867
2017-03-27,847.0510807622086
2017-03-28,913.7112980098766
2017-03-29,1040.077231082147
2017-03-30,1094.4205531637456
2017-03-31,1073.67962925705
2017-04-01,286.85507688191734
2017-04-02,78.90623170582528
2017-04-03,885.4560119261566
2017-04-04,986.3515502366683
2017-04-05,1075.9996820433169
2017-04-06,1100.3710589695563
2017-04-07,1079.7229868041768
2017-04-08,321.1036436328505
2017-04-09,78.88108035377758
2017-04-10,911.0330296385508
2017-04-11,1277.3854086274505
2017-04-12,1170.254745164354
2017-04-13,0.0
2017-04-14,0.0
2017-04-15,189.3358566941358
2017-04-16,86.87641921915426
2017-04-17,863.5691949879952
2017-04-18,935.0016710028548
2017-04-19,1029.1065759126882
2017-04-20,1093.1178137411862
2017-04-21,1098.7286408199573
2017-04-22,290.00510464346223
2017-04-23,75.37379401853963
2017-04-24,841.5639844280638
2017-04-25,923.0338127665468
2017-04-26,1017.884411438201
2017-04-27,1094.5176815262864
2017-04-28,1074.5194504420829
2017-04-29,332.2418246750305
2017-04-30,79.18000149858162
2017-05-01,0.0
2017-05-02,908.6439304121004
2017-05-03,1152.7565368714463
2017-05-04,1286.752994068385
2017-05-05,1293.091151482872
2017-05-06,388.4430966414631
2017-05-07,93.48537858777571
2017-05-08,853.0751885399347
2017-05-09,933.4015988907802
2017-05-10,1025.6901397669849
2017-05-11,1094.6771371386938
2017-05-12,1083.620878522746
2017-05-13,369.8789940518779
2017-05-14,78.09901833092017
2017-05-15,888.6083090476423
2017-05-16,1068.6816042867497
2017-05-17,1075.7212941749372
2017-05-18,1106.1390260111518
2017-05-19,1104.9001853686857
2017-05-20,310.99481895513946
2017-05-21,77.74816490226941
2017-05-22,874.9898630694615
2017-05-23,931.0919046347456
2017-05-24,1134.896940115813
2017-05-25,1099.3182715354212
2017-05-26,1094.4237547550126
2017-05-27,297.88999176198087
2017-05-28,77.40994123563758
2017-05-29,0.0
2017-05-30,901.37017870935
2017-05-31,1124.0828712144662
2017-06-01,1275.575633628819
2017-06-02,1116.8582801592836
2017-06-03,348.8274680211552
2017-06-04,75.99841113200085
2017-06-05,853.4081637859782
2017-06-06,936.4727741618636
2017-06-07,1029.385700383276
2017-06-08,1095.001466051628
2017-06-09,1097.476104564451
2017-06-10,301.5252204244296
2017-06-11,74.56439054243499
2017-06-12,853.4081637859782
2017-06-13,950.3513311317496
2017-06-14,1031.2910852931286
2017-06-15,1104.7778504148034
2017-06-16,1109.3495037358186
2017-06-17,335.64047422018325
2017-06-18,80.83393742361392
2017-06-19,0.0
2017-06-20,887.8075690633982
2017-06-21,1163.3472144929767
2017-06-22,1304.1875667127906
2017-06-23,1295.9634003195622
2017-06-24,403.8387332159209
2017-06-25,88.57814287134198
2017-06-26,0.0
2017-06-27,881.3591612668109
2017-06-28,1095.2948182722926
2017-06-29,1273.289126540063
2017-06-30,1227.5355722116658
2017-07-01,462.7784857189191
2017-07-02,87.10624655274975
2017-07-03,0.0
2017-07-04,884.7555603356584
2017-07-05,1126.8868766455803
2017-07-06,1098.1936584885088
2017-07-07,1225.2164973177669
2017-07-08,374.76657762688137
2017-07-09,84.9339524037057
2017-07-10,849.4355887501234
2017-07-11,922.1606482045092
2017-07-12,1028.2705276095603
2017-07-13,1100.3136391506432
2017-07-14,1077.0579125537215
2017-07-15,301.2517829903655
2017-07-16,73.46578860775924
2017-07-17,860.5452286688552
2017-07-18,1050.4686630013518
2017-07-19,1153.5683893888718
2017-07-20,0.0
2017-07-21,1067.691331537535
2017-07-22,319.9982881263841
2017-07-23,86.45374129134413
2017-07-24,850.6919128692582
2017-07-25,943.0773497094488
2017-07-26,1036.4246618758646
2017-07-27,1096.9588112962565
2017-07-28,1100.9190090797415
2017-07-29,300.6012084667733
2017-07-30,85.18744048217292
2017-07-31,854.5806695553639
2017-08-01,1024.675431973665
2017-08-02,1035.501335748169
2017-08-03,1105.850176486913
2017-08-04,1090.2956434343814
2017-08-05,310.49589303541524
2017-08-06,86.44761438749221
2017-08-07,0.0
2017-08-08,898.747870781636
2017-08-09,1188.1502366042737
2017-08-10,1323.3461809600738
2017-08-11,1321.7418799358904
2017-08-12,346.402959791978
2017-08-13,84.53674354648282
2017-08-14,886.0779181536954
2017-08-15,940.2737800433938
2017-08-16,1040.283506758762
2017-08-17,1100.113992965633
2017-08-18,1104.8069459928522
2017-08-19,297.1430742031844
2017-08-20,82.83916164839388
2017-08-21,0.0
2017-08-22,890.0630802944211
2017-08-23,1094.466152639042
2017-08-24,1101.130454439114
2017-08-25,1108.3212205522616
2017-08-26,428.84742383003953
2017-08-27,90.80866369631568
2017-08-28,887.2662827992004
2017-08-29,952.5012630679888
2017-08-30,1064.2353517336232
2017-08-31,1107.7785082858472
2017-09-01,1107.1682716887694
2017-09-02,300.42233751161604
2017-09-03,84.83394079439961
2017-09-04,891.2096047790417
2017-09-05,944.8427186112222
2017-09-06,1036.9720499866453
2017-09-07,1087.8068907446814
2017-09-08,1090.1603400429583
2017-09-09,297.26832375488374
2017-09-10,83.60843045570626
2017-09-11,889.9454385799705
2017-09-12,967.42442731991
2017-09-13,1146.6906915851202
2017-09-14,1106.6941026930604
2017-09-15,1107.814596310586
2017-09-16,295.9819847840632
2017-09-17,83.28521231404221
2017-09-18,889.4452817690199
2017-09-19,1020.5468135771644
2017-09-20,1041.4766774351572
2017-09-21,1103.8954301550198
2017-09-22,1090.9623477347814
2017-09-23,309.108463608216
2017-09-24,82.17259206189759
2017-09-25,880.4831586447677
2017-09-26,924.251069311674
2017-09-27,1025.8778512345734
2017-09-28,1087.342279659223
2017-09-29,1092.1224053240912
2017-09-30,286.13316328427527
2017-10-01,79.79661435057565
2017-10-02,886.2646406217856
2017-10-03,935.234088060188
2017-10-04,1042.686007215447
2017-10-05,1104.487535978418
2017-10-06,1096.5146125226504
2017-10-07,297.9170009781327
2017-10-08,77.51979729668965
2017-10-09,882.717028123346
2017-10-10,948.3390690468468
2017-10-11,1035.9736487140838
2017-10-12,1105.6822228988042
2017-10-13,1099.1802380819736
2017-10-14,297.4117932930325
2017-10-15,79.38539044841107
2017-10-16,0.0
2017-10-17,899.26469198421
2017-10-18,1118.964099894185
2017-10-19,1159.2839742049275
2017-10-20,1099.7635930994795
2017-10-21,365.8518302321024
2017-10-22,89.55356609449957
2017-10-23,889.8732600967206
2017-10-24,983.5162445018608
2017-10-25,1044.059940408855
2017-10-26,1113.0808674171794
2017-10-27,1111.9979798168088
2017-10-28,244.0623999804066
2017-10-29,81.44534278254828
2017-10-30,884.1477148747072
2017-10-31,934.0190753626864
2017-11-01,1036.5070038319077
2017-11-02,1091.0236622630243
2017-11-03,1094.07161547824
2017-11-04,292.4504960829503
2017-11-05,82.32883300058275
2017-11-06,0.0
2017-11-07,910.8184703000924
2017-11-08,1067.36700395139
2017-11-09,1117.8731166474304
2017-11-10,1125.9043104147636
2017-11-11,320.08893221830823
2017-11-12,83.82762710180971
2017-11-13,0.0
2017-11-14,913.0807470582948
2017-11-15,1072.717304762136
2017-11-16,1111.2208308757977
2017-11-17,1125.6176869167268
2017-11-18,328.1553272952342
2017-11-19,83.38263096819074
2017-11-20,892.8859254960543
2017-11-21,938.765106727785
2017-11-22,1038.5647436351062
2017-11-23,1110.8546586722728
2017-11-24,1097.788807325367
2017-11-25,298.9324749231966
2017-11-26,81.74113665517518
2017-11-27,893.9084015750018
2017-11-28,955.81553620631
2017-11-29,1069.6575295621956
2017-11-30,1117.8755967227978
2017-12-01,1117.9173629080817
2017-12-02,289.6145048868079
2017-12-03,78.97346312168345
2017-12-04,946.7566908040732
2017-12-05,1093.0953544097067
2017-12-06,1087.268057505614
2017-12-07,1125.5077594643883
2017-12-08,0.0
2017-12-09,214.21660459036767
2017-12-10,101.78746886725456
2017-12-11,909.6154307997588
2017-12-12,1102.001184810432
2017-12-13,1161.5927083776687
2017-12-14,1116.520970286346
2017-12-15,1114.9739614368934
2017-12-16,290.19442614852983
2017-12-17,81.00929216182872
2017-12-18,888.9509116132594
2017-12-19,1008.8964949605976
2017-12-20,1087.4248888418877
2017-12-21,1114.743281747216
2017-12-22,1111.221671943629
2017-12-23,301.712100932195
2017-12-24,80.43932758984899
2017-12-25,0.0
2017-12-26,878.9680330798197
2017-12-27,1247.1148291629238
2017-12-28,1420.0639903132003
2017-12-29,1414.4490943542091
2017-12-30,481.6979246234973
2017-12-31,95.3406726077976
